{
    "accuracy": 0.9993328885923949,
    "precision": 0.7777777777777778,
    "recall": 0.8571428571428571,
    "f1_score": 0.8155339805825242,
    "roc_auc": 0.9729731087708016
}