{
  "Time": {
    "mean": 94813.85957508067,
    "std": 47488.062585499334
  },
  "Amount": {
    "mean": 88.34961925093134,
    "std": 250.1196701352354
  },
  "feature_order": [
    "Time",
    "V1",
    "V2",
    "V3",
    "V4",
    "V5",
    "V6",
    "V7",
    "V8",
    "V9",
    "V10",
    "V11",
    "V12",
    "V13",
    "V14",
    "V15",
    "V16",
    "V17",
    "V18",
    "V19",
    "V20",
    "V21",
    "V22",
    "V23",
    "V24",
    "V25",
    "V26",
    "V27",
    "V28",
    "Amount"
  ],
  "target": "Class",
  "notes": "Time and Amount are standardized at inference using dataset statistics."
}